{
  "Ansi 0 Color" : {
    "Red Component" : 0.15686274509803921,
    "Color Space" : "sRGB",
    "Blue Component" : 0.20392156862745098,
    "Green Component" : 0.17254901960784313
  },
  "Ansi 15 Color (Dark)" : {
    "Green Component" : 0.99997437000274658,
    "Red Component" : 1,
    "Blue Component" : 0.99999129772186279
  },
  "Foreground Color (Dark)" : {
    "Green Component" : 0.78431372549019607,
    "Red Component" : 0.77254901960784317,
    "Blue Component" : 0.77647058823529413
  },
  "Cursor Text Color" : {
    "Red Component" : 0.15686274509803921,
    "Color Space" : "sRGB",
    "Blue Component" : 0.20392156862745098,
    "Green Component" : 0.17254901960784313
  },
  "Smart Cursor Color" : false,
  "Prompt Before Closing 2" : false,
  "Ansi 3 Color (Dark)" : {
    "Green Component" : 0.77647058823529413,
    "Red Component" : 0.94117647058823528,
    "Blue Component" : 0.45490196078431372
  },
  "Ansi 12 Color (Dark)" : {
    "Green Component" : 0.63529411759999999,
    "Red Component" : 0.50588235290000005,
    "Blue Component" : 0.74509803919999995
  },
  "Mouse Reporting" : true,
  "Use Underline Color (Light)" : false,
  "Disable Window Resizing" : true,
  "BM Growl" : true,
  "Background Color (Dark)" : {
    "Green Component" : 0.12156862765550613,
    "Red Component" : 0.11372549086809158,
    "Blue Component" : 0.12941177189350128
  },
  "Guid" : "6A6F2350-D2DB-4528-8608-504C83EA4FDB",
  "Cursor Color (Dark)" : {
    "Green Component" : 0.7843137255,
    "Red Component" : 0.7725490196,
    "Blue Component" : 0.77647058820000003
  },
  "Selection Color (Dark)" : {
    "Green Component" : 0.23137254901960785,
    "Red Component" : 0.21568627450980393,
    "Blue Component" : 0.25490196078431371
  },
  "Scrollback Lines" : 1000,
  "Badge Color (Dark)" : {
    "Red Component" : 1,
    "Color Space" : "sRGB",
    "Blue Component" : 0,
    "Alpha Component" : 0.5,
    "Green Component" : 0.14910027384757996
  },
  "Faint Text Alpha" : 0.5,
  "Ansi 0 Color (Dark)" : {
    "Green Component" : 0,
    "Red Component" : 0,
    "Blue Component" : 0
  },
  "Transparency" : 0,
  "Use Bright Bold" : true,
  "Horizontal Spacing" : 1,
  "Ansi 13 Color (Light)" : {
    "Green Component" : 0.58039215690000001,
    "Red Component" : 0.69803921570000005,
    "Blue Component" : 0.73333333329999995
  },
  "Blur" : false,
  "Ansi 13 Color" : {
    "Red Component" : 0.77647058823529413,
    "Color Space" : "sRGB",
    "Blue Component" : 0.8666666666666667,
    "Green Component" : 0.47058823529411764
  },
  "Ansi 2 Color (Dark)" : {
    "Green Component" : 0.74117647058823533,
    "Red Component" : 0.70980392156862748,
    "Blue Component" : 0.40784313725490196
  },
  "Cursor Color" : {
    "Red Component" : 0.6705882352941176,
    "Color Space" : "sRGB",
    "Blue Component" : 0.74901960784313726,
    "Green Component" : 0.69803921568627447
  },
  "Use Cursor Guide (Light)" : false,
  "Option Key Sends" : 0,
  "Idle Code" : 0,
  "Ansi 13 Color (Dark)" : {
    "Green Component" : 0.58039215690000001,
    "Red Component" : 0.69803921570000005,
    "Blue Component" : 0.73333333329999995
  },
  "Send Code When Idle" : false,
  "Selection Color" : {
    "Red Component" : 0.24313725490196078,
    "Color Space" : "sRGB",
    "Blue Component" : 0.31764705882352939,
    "Green Component" : 0.26666666666666666
  },
  "Terminal Type" : "xterm-256color",
  "Cursor Boost (Dark)" : 0,
  "Right Option Key Sends" : 0,
  "Background Color" : {
    "Red Component" : 0.15686274509803921,
    "Color Space" : "sRGB",
    "Blue Component" : 0.20392156862745098,
    "Green Component" : 0.17254901960784313
  },
  "Ansi 10 Color (Dark)" : {
    "Green Component" : 0.74117647060000003,
    "Red Component" : 0.70980392160000005,
    "Blue Component" : 0.40784313729999999
  },
  "Ansi 10 Color" : {
    "Red Component" : 0.59607843137254901,
    "Color Space" : "sRGB",
    "Blue Component" : 0.47450980392156861,
    "Green Component" : 0.76470588235294112
  },
  "Vertical Spacing" : 1,
  "Use Tab Color (Light)" : false,
  "Columns" : 80,
  "Ansi 2 Color (Light)" : {
    "Green Component" : 0.74117647058823533,
    "Red Component" : 0.70980392156862748,
    "Blue Component" : 0.40784313725490196
  },
  "Screen" : -1,
  "Cursor Text Color (Dark)" : {
    "Green Component" : 0.12156862765550613,
    "Red Component" : 0.11372549086809158,
    "Blue Component" : 0.12941177189350128
  },
  "Description" : "Default",
  "Unlimited Scrollback" : false,
  "Use Italic Font" : true,
  "Working Directory" : "\/Users\/apt",
  "Selected Text Color (Dark)" : {
    "Green Component" : 0.7843137255,
    "Red Component" : 0.7725490196,
    "Blue Component" : 0.77647058820000003
  },
  "Use Cursor Guide (Dark)" : false,
  "Visual Bell" : true,
  "Link Color (Light)" : {
    "Red Component" : 0,
    "Color Space" : "sRGB",
    "Blue Component" : 0.73422712087631226,
    "Alpha Component" : 1,
    "Green Component" : 0.35915297269821167
  },
  "Ansi 1 Color (Dark)" : {
    "Green Component" : 0.40000000000000002,
    "Red Component" : 0.80000000000000004,
    "Blue Component" : 0.40000000000000002
  },
  "Default Bookmark" : "No",
  "Ansi 14 Color (Light)" : {
    "Green Component" : 0.74509803919999995,
    "Red Component" : 0.54117647059999996,
    "Blue Component" : 0.71764705880000002
  },
  "Ansi 7 Color (Light)" : {
    "Green Component" : 0.99997437000274658,
    "Red Component" : 1,
    "Blue Component" : 0.99999129772186279
  },
  "Ansi 3 Color (Light)" : {
    "Green Component" : 0.77647058823529413,
    "Red Component" : 0.94117647058823528,
    "Blue Component" : 0.45490196078431372
  },
  "Ansi 9 Color (Dark)" : {
    "Green Component" : 0.40000000000000002,
    "Red Component" : 0.80000000000000004,
    "Blue Component" : 0.40000000000000002
  },
  "Badge Color (Light)" : {
    "Red Component" : 1,
    "Color Space" : "sRGB",
    "Blue Component" : 0,
    "Alpha Component" : 0.5,
    "Green Component" : 0.14910027384757996
  },
  "Ansi 14 Color (Dark)" : {
    "Green Component" : 0.74509803919999995,
    "Red Component" : 0.54117647059999996,
    "Blue Component" : 0.71764705880000002
  },
  "Tags" : [

  ],
  "Link Color (Dark)" : {
    "Red Component" : 0,
    "Color Space" : "sRGB",
    "Blue Component" : 0.73422712087631226,
    "Alpha Component" : 1,
    "Green Component" : 0.35915297269821167
  },
  "Custom Command" : "No",
  "Jobs to Ignore" : [
    "rlogin",
    "ssh",
    "slogin",
    "telnet"
  ],
  "Use Non-ASCII Font" : true,
  "Custom Directory" : "No",
  "Use Selected Text Color (Light)" : true,
  "Bold Color (Light)" : {
    "Green Component" : 0.7843137255,
    "Red Component" : 0.7725490196,
    "Blue Component" : 0.77647058820000003
  },
  "Brighten Bold Text (Dark)" : true,
  "Ansi 8 Color (Light)" : {
    "Green Component" : 0,
    "Red Component" : 0,
    "Blue Component" : 0
  },
  "Name" : "Default",
  "Ansi 11 Color (Dark)" : {
    "Green Component" : 0.77647058820000003,
    "Red Component" : 0.94117647059999998,
    "Blue Component" : 0.4549019608
  },
  "Ansi 14 Color" : {
    "Red Component" : 0.33725490196078434,
    "Color Space" : "sRGB",
    "Blue Component" : 0.76078431372549016,
    "Green Component" : 0.71372549019607845
  },
  "Faint Text Alpha (Dark)" : 0.5,
  "Rows" : 25,
  "Background Color (Light)" : {
    "Green Component" : 0.12156862765550613,
    "Red Component" : 0.11372549086809158,
    "Blue Component" : 0.12941177189350128
  },
  "Cursor Guide Color (Light)" : {
    "Red Component" : 0.70214027166366577,
    "Color Space" : "sRGB",
    "Blue Component" : 1,
    "Alpha Component" : 0.25,
    "Green Component" : 0.92681378126144409
  },
  "Use Selected Text Color" : true,
  "Ansi 6 Color (Dark)" : {
    "Green Component" : 0.74509803921568629,
    "Red Component" : 0.54117647058823526,
    "Blue Component" : 0.71764705882352942
  },
  "Use Tab Color" : false,
  "Use Bright Bold (Light)" : true,